date,agegrp,pi_uc,resp_uc,resp_cardio_uc,natural,population,perc_pos_flu,perc_pos_fluAh1n1,perc_pos_fluAh3n2,perc_pos_fluB,perc_pos_rsv
11/25/2018,60+ yrs,94,340,1376,3523,5098435,0.020080321,1.04E-17,0.004016064,0.016064257,0.012048193
3/22/2015,60+ yrs,99,280,1239,3168,4665551,0.039195925,0.015864128,0.003546099,0.019785697,0.241447643
2/18/2018,60+ yrs,101,307,1242,3192,5098435,0.012820513,0.002564103,-1.45E-18,0.01025641,0.202193885
2/23/2014,60+ yrs,102,298,1279,3164,4527167,0.028191905,0.008438819,0.00617284,0.013580247,0.298077825
2/4/2018,60+ yrs,102,322,1307,3385,5098435,0.023254371,0.005296343,-1.45E-18,0.017958028,0.114389329
2/25/2018,60+ yrs,102,318,1390,3405,5098435,8.96E-18,1.73E-17,-1.45E-18,7.08E-18,0.243811242
10/14/2018,60+ yrs,102,367,1418,3564,5098435,0.076950549,0.002777778,0.008558559,0.065614212,0.014451601
3/19/2017,60+ yrs,105,302,1309,3324,4950886,0.005311355,0.002136752,0.003174603,5.64E-18,0.2497447
11/22/2015,60+ yrs,108,308,1326,3351,4665551,0.047761865,0.006802721,-6.94E-18,0.040959144,0.019152212
3/13/2016,60+ yrs,108,328,1327,3350,4806961,0.036564626,0.005952381,0.005952381,0.024659864,0.198717949
4/2/2017,60+ yrs,108,339,1331,3409,4950886,0.013527877,1.65E-17,0.006763939,0.006763939,0.246377779
1/29/2017,60+ yrs,110,329,1371,3311,4950886,0.026946721,1.65E-17,0.026946721,5.64E-18,0.052459016
1/28/2018,60+ yrs,112,347,1358,3425,5098435,0.027977717,0.008580194,-1.45E-18,0.019397524,0.078806783
2/19/2017,60+ yrs,113,325,1308,3262,4950886,0.00330033,1.65E-17,0.00330033,5.64E-18,0.168185628
3/6/2016,60+ yrs,114,336,1388,3403,4806961,0.01483485,1.42E-17,-6.94E-18,0.01483485,0.21549936
12/10/2017,60+ yrs,114,348,1481,3713,4950886,0.045848698,0.015200587,-1.45E-18,0.030648111,0.025700865
1/24/2016,60+ yrs,115,342,1379,3308,4806961,0.013616939,0.004273504,0.005555556,0.003787879,0.062276612
4/29/2018,60+ yrs,116,349,1469,3656,5098435,0.118329648,0.113755787,0.004573861,6.51E-18,0.353493777
1/21/2018,60+ yrs,117,328,1333,3340,5098435,0.044897669,0.016243029,0.003831418,0.024823223,0.056743989
10/21/2012,60+ yrs,118,349,1333,3222,4264528,0.034874052,8.67E-18,1.16E-18,0.034874052,0.086744599
11/25/2012,60+ yrs,118,321,1246,3090,4264528,0.034113931,0.002436647,0.019159009,0.012518275,0.077878289
12/15/2013,60+ yrs,118,342,1357,3313,4391538,0.009259259,1.73E-17,-5.78E-19,0.009259259,0.018518519
2/9/2014,60+ yrs,118,317,1367,3408,4527167,0.017058549,0.017058549,-5.78E-19,6.79E-18,0.280215518
3/8/2015,60+ yrs,118,353,1395,3377,4665551,0.039236981,0.012475634,0.005291005,0.021470343,0.195502646
2/5/2017,60+ yrs,118,349,1336,3435,4950886,0.016530055,1.65E-17,0.016530055,5.64E-18,0.074986117
3/18/2018,60+ yrs,118,362,1456,3610,5098435,0.031609084,0.013550136,0.005797101,0.012261847,0.327799688
4/12/2015,60+ yrs,119,379,1545,3578,4665551,0.06252966,0.020861095,0.014908239,0.026760325,0.278017714
1/22/2017,60+ yrs,119,322,1291,3260,4950886,0.021808104,1.65E-17,0.021808104,5.64E-18,0.051681957
1/17/2010,60+ yrs,120,327,1263,3068,4024870,0.00913242,0.00456621,4.63E-18,0.00456621,0.062918365
2/2/2014,60+ yrs,120,321,1290,3271,4527167,0.008619731,0.008619731,-5.78E-19,6.79E-18,0.24880436
12/14/2014,60+ yrs,120,358,1394,3330,4527167,1.16E-17,1.91E-17,-1.39E-17,7.95E-18,0.02265745
3/17/2013,60+ yrs,121,329,1264,3173,4391538,0.012500727,0.010601392,0.001899335,3.76E-18,0.257372257
1/15/2017,60+ yrs,121,322,1305,3369,4950886,0.028180653,0.004901961,0.023278692,5.64E-18,0.063691761
2/11/2018,60+ yrs,121,306,1340,3336,5098435,0.015057649,0.002564103,-1.45E-18,0.012493547,0.161158857
2/3/2013,60+ yrs,122,325,1300,3136,4391538,0.022183306,0.011891549,1.16E-18,0.010291757,0.127271939
3/4/2018,60+ yrs,122,369,1423,3524,5098435,0.009363296,1.73E-17,-1.45E-18,0.009363296,0.276307386
11/4/2012,60+ yrs,123,363,1519,3476,4264528,0.018633641,8.67E-18,0.004694836,0.013938805,0.102473045
3/1/2015,60+ yrs,123,354,1342,3397,4665551,0.026901455,0.003703704,0.010499339,0.012698413,0.159044312
1/10/2016,60+ yrs,123,351,1385,3367,4806961,0.005555556,1.42E-17,0.005555556,5.64E-18,0.040136054
1/1/2017,60+ yrs,123,368,1442,3563,4950886,0.053065671,0.004901961,0.042872705,0.005291005,0.059562714
2/12/2017,60+ yrs,123,368,1383,3366,4950886,0.011497051,1.65E-17,0.011497051,5.64E-18,0.105390407
2/12/2012,60+ yrs,124,315,1282,3136,4264528,0.01618123,0.003236246,0.006472492,0.006472492,0.10197477
5/6/2012,60+ yrs,124,385,1401,3281,4264528,0.027777083,8.67E-18,0.009182684,0.018594398,0.180723476
3/20/2016,60+ yrs,124,329,1319,3316,4806961,0.029761905,0.005952381,0.005952381,0.017857143,0.216139552
3/26/2017,60+ yrs,124,352,1338,3381,4950886,0.008263662,1.65E-17,0.005719132,0.002544529,0.226566648
4/8/2018,60+ yrs,124,358,1378,3461,5098435,0.038240577,0.031988109,0.002347418,0.00390505,0.35913407
1/24/2010,60+ yrs,125,322,1259,2986,4024870,0.009433962,1.50E-17,0.003144654,0.006289308,0.060376795
3/11/2012,60+ yrs,125,303,1223,2935,4264528,0.025223465,0.006305866,0.006305866,0.012611732,0.232263549
11/15/2015,60+ yrs,125,353,1383,3363,4665551,0.043889256,0.006802721,-6.94E-18,0.037086535,0.014932802
2/7/2016,60+ yrs,125,337,1372,3457,4806961,0.012404788,0.008659469,0.003745318,5.64E-18,0.082672469
3/25/2018,60+ yrs,125,328,1398,3521,5098435,0.036330295,0.022939807,0.008144519,0.005245969,0.346394403
12/23/2018,60+ yrs,125,356,1515,3771,5098435,0.007936508,0.007936508,-1.45E-18,2.46E-18,0.015873016
1/26/2014,60+ yrs,126,343,1271,3242,4527167,0.024112348,0.004504505,-5.78E-19,0.019607843,0.240210799
4/5/2015,60+ yrs,126,346,1405,3475,4665551,0.059239135,0.018944285,0.012448333,0.027846518,0.281212398
10/11/2015,60+ yrs,126,388,1397,3485,4665551,0.060601668,0.003546099,0.003663004,0.053392565,0.020212766
12/3/2017,60+ yrs,126,388,1491,3722,4950886,0.059335681,0.015200587,0.003030303,0.041104791,0.011616358
3/25/2012,60+ yrs,127,313,1234,2894,4264528,0.017182131,8.67E-18,8.10E-18,0.017182131,0.204130239
2/17/2013,60+ yrs,127,343,1231,2964,4391538,0.017877764,0.017877764,1.16E-18,3.76E-18,0.174185986
3/24/2013,60+ yrs,127,310,1194,3013,4391538,0.006802721,0.006802721,1.16E-18,3.76E-18,0.277471387
11/10/2013,60+ yrs,127,342,1429,3490,4391538,0.077078477,0.008547009,-5.78E-19,0.068531469,0.011616162
11/30/2014,60+ yrs,127,339,1482,3518,4527167,0.015371763,1.91E-17,0.015371763,7.95E-18,0.011904762
2/22/2015,60+ yrs,127,331,1264,3196,4665551,0.024679233,1.91E-17,0.019388228,0.005291005,0.139785053
3/5/2017,60+ yrs,127,332,1346,3489,4950886,0.004467754,0.002136752,-9.83E-18,0.002331002,0.250724323
12/24/2017,60+ yrs,127,373,1449,3523,4950886,0.046965367,0.018719807,-1.45E-18,0.02824556,0.037635232
1/7/2018,60+ yrs,127,351,1510,3684,5098435,0.053257685,0.017395714,0.008733378,0.027128593,0.035861971
1/22/2012,60+ yrs,128,300,1201,2935,4264528,0.003472222,8.67E-18,0.003472222,4.34E-18,0.074298646
11/24/2013,60+ yrs,128,349,1310,3215,4391538,0.052845194,1.73E-17,0.025641026,0.027204168,0.021143562
1/18/2015,60+ yrs,128,351,1342,3323,4665551,0.017508418,1.91E-17,-1.39E-17,0.017508418,0.059968102
10/28/2018,60+ yrs,128,406,1486,3665,5098435,0.052451813,0.006472492,0.003968254,0.042011067,0.020760511
12/2/2018,60+ yrs,128,345,1372,3582,5098435,0.012658228,0.004219409,0.004219409,0.004219409,-4.34E-17
2/26/2012,60+ yrs,129,333,1304,3141,4264528,0.023337887,0.011042805,0.004098361,0.008196721,0.18872672
2/24/2013,60+ yrs,129,311,1247,3167,4391538,0.022824411,0.022824411,1.16E-18,3.76E-18,0.178849967
2/16/2014,60+ yrs,129,342,1266,3152,4527167,0.019961452,0.012554045,-5.78E-19,0.007407407,0.244579882
2/15/2015,60+ yrs,129,341,1318,3269,4665551,0.017720411,1.91E-17,0.017720411,7.95E-18,0.119483696
5/7/2017,60+ yrs,129,397,1464,3639,4950886,0.016998071,0.004115226,0.012882845,5.64E-18,0.217584833
4/1/2018,60+ yrs,129,399,1525,3698,5098435,0.033099123,0.028404288,0.002347418,0.002347418,0.372861497
12/18/2011,60+ yrs,130,360,1379,3215,4140047,0.008888889,8.67E-18,8.67E-18,0.008888889,0.041414141
11/18/2012,60+ yrs,130,388,1341,3272,4264528,0.026724768,0.002436647,0.004873294,0.019414827,0.092820818
1/25/2015,60+ yrs,130,338,1361,3349,4665551,0.023063973,1.91E-17,0.005555556,0.017508418,0.097979798
3/15/2015,60+ yrs,130,335,1277,3237,4665551,0.032576539,0.012475634,-1.39E-17,0.020100906,0.201416122
11/1/2015,60+ yrs,130,356,1463,3508,4665551,0.00913242,1.42E-17,-6.94E-18,0.00913242,0.00456621
1/17/2016,60+ yrs,130,327,1343,3363,4806961,0.009343434,1.42E-17,0.005555556,0.003787879,0.047711812
11/11/2018,60+ yrs,130,385,1593,3855,5098435,0.055484048,0.002898551,0.010882869,0.041702628,0.019984701
12/13/2015,60+ yrs,131,353,1424,3451,4665551,0.009009009,0.009009009,-6.94E-18,5.64E-18,0.038935574
2/21/2016,60+ yrs,131,327,1379,3412,4806961,0.019018753,0.004385965,-6.94E-18,0.014632789,0.157597561
3/27/2016,60+ yrs,131,370,1446,3517,4806961,0.036234397,0.005952381,0.005952381,0.024329635,0.205470609
12/18/2016,60+ yrs,131,368,1472,3713,4806961,0.035714286,0.007936508,0.027777778,5.64E-18,0.068623426
4/15/2018,60+ yrs,131,364,1419,3578,5098435,0.070904037,0.069346405,-1.45E-18,0.001557632,0.351204378
1/10/2010,60+ yrs,132,352,1353,3162,4024870,0.083456744,0.019868277,0.021860095,0.041728372,0.051031478
12/26/2010,60+ yrs,132,366,1368,3158,4024870,0.051772693,0.008130081,0.010309278,0.033333333,0.023133015
10/20/2013,60+ yrs,132,369,1376,3332,4391538,0.172364672,1.73E-17,0.009259259,0.163105413,0.02022792
5/11/2014,60+ yrs,132,383,1517,3573,4527167,0.07771762,0.020298279,0.049466742,0.0079526,0.06595525
10/26/2014,60+ yrs,132,365,1369,3437,4527167,0.016881343,1.91E-17,-1.39E-17,0.016881343,-2.78E-17
9/27/2015,60+ yrs,132,400,1531,3626,4665551,0.062671703,1.42E-17,0.00782967,0.054842033,0.009375
11/29/2015,60+ yrs,132,376,1464,3612,4665551,0.040959144,1.42E-17,-6.94E-18,0.040959144,0.0218733
1/31/2016,60+ yrs,132,345,1382,3421,4806961,0.011806701,0.004273504,0.003745318,0.003787879,0.055160507
2/28/2016,60+ yrs,132,340,1390,3421,4806961,0.02143551,1.42E-17,-6.94E-18,0.02143551,0.170128889
4/3/2011,60+ yrs,133,344,1282,3057,4140047,0.023765343,0.020193915,8.10E-18,0.003571429,0.214570007
11/17/2013,60+ yrs,133,333,1291,3199,4391538,0.068531469,1.73E-17,0.025641026,0.042890443,0.02016317
1/4/2015,60+ yrs,133,368,1465,3558,4665551,0.045977011,0.011494253,0.022988506,0.011494253,0.029038113
3/29/2015,60+ yrs,133,344,1278,3229,4665551,0.045461589,0.01304458,0.00949848,0.022918529,0.2485905
10/18/2015,60+ yrs,133,360,1317,3294,4665551,0.028537841,0.003546099,-6.94E-18,0.024991742,0.024778976
10/25/2015,60+ yrs,133,355,1357,3337,4665551,0.017899543,1.42E-17,-6.94E-18,0.017899543,0.021232877
11/6/2016,60+ yrs,133,376,1376,3428,4806961,0.010018237,0.003401361,0.003472222,0.003144654,0.086833633
1/8/2017,60+ yrs,133,364,1417,3482,4950886,0.028345997,0.004901961,0.018153031,0.005291005,0.064022449
1/15/2012,60+ yrs,134,344,1270,3084,4264528,0.00973236,8.67E-18,0.00973236,4.34E-18,0.078835345
10/14/2012,60+ yrs,134,377,1347,3200,4264528,0.052030915,8.67E-18,0.009803922,0.042226994,0.077666168
12/30/2012,60+ yrs,134,342,1323,3325,4264528,0.038671024,0.009803922,0.009259259,0.019607843,0.092592593
2/10/2013,60+ yrs,134,336,1249,3152,4391538,0.018437988,0.015636867,1.16E-18,0.00280112,0.142253212
12/28/2014,60+ yrs,134,364,1398,3370,4527167,0.045977011,0.011494253,0.022988506,0.011494253,0.011494253
2/26/2017,60+ yrs,134,361,1374,3450,4950886,0.005631332,1.65E-17,0.00330033,0.002331002,0.201748271
12/17/2017,60+ yrs,134,380,1435,3628,4950886,0.04853687,0.021921017,-1.45E-18,0.026615853,0.036005524
3/11/2018,60+ yrs,134,395,1402,3478,5098435,0.018058948,1.73E-17,0.005797101,0.012261847,0.311860239
5/20/2012,60+ yrs,135,376,1459,3432,4264528,0.052635536,0.001889645,0.019984523,0.030761368,0.11494065
1/20/2013,60+ yrs,135,343,1318,3234,4391538,0.031108996,0.016526161,1.16E-18,0.014582835,0.118940546
12/1/2013,60+ yrs,135,364,1378,3304,4391538,0.049983241,1.73E-17,0.025641026,0.024342216,0.015082956
2/14/2016,60+ yrs,135,377,1433,3487,4806961,0.014731943,0.004385965,0.003745318,0.00660066,0.107509568
10/30/2016,60+ yrs,135,376,1548,3705,4806961,0.019688772,0.009803922,0.006740196,0.003144654,0.082631952
12/16/2018,60+ yrs,135,348,1410,3517,5098435,0.020594736,0.012155917,0.004219409,0.004219409,0.007936508
3/7/2010,60+ yrs,136,353,1293,3217,4024870,0.065153325,0.006451613,0.015053763,0.043647949,0.317941466
3/9/2014,60+ yrs,136,377,1337,3287,4527167,0.026430186,1.73E-17,0.00617284,0.020257347,0.343035994
1/14/2018,60+ yrs,136,359,1476,3643,5098435,0.056308791,0.018412749,0.008733378,0.029162663,0.049591948
12/9/2018,60+ yrs,136,366,1351,3437,5098435,0.020594736,0.012155917,0.004219409,0.004219409,0.007936508
2/14/2010,60+ yrs,137,325,1265,3091,4024870,0.092955975,0.016666667,0.018333333,0.057955975,0.139562957
1/27/2013,60+ yrs,137,356,1267,3173,4391538,0.02532796,0.015036203,1.16E-18,0.010291757,0.117837977
1/5/2014,60+ yrs,137,365,1404,3279,4527167,0.034893268,1.73E-17,0.011904762,0.022988506,0.122605364
12/27/2015,60+ yrs,137,379,1568,3763,4665551,0.027777778,1.42E-17,-6.94E-18,0.027777778,0.029411765
1/30/2011,60+ yrs,138,388,1374,3305,4140047,0.025287356,0.015804598,0.006321839,0.00316092,0.107345375
1/6/2013,60+ yrs,138,330,1311,3351,4391538,0.052855421,0.01689612,0.009259259,0.026700042,0.041174153
3/3/2013,60+ yrs,138,325,1295,3205,4391538,0.024777098,0.022877763,0.001899335,3.76E-18,0.182659308
3/10/2013,60+ yrs,138,342,1205,3025,4391538,0.016933961,0.015034626,0.001899335,3.76E-18,0.210823301
1/19/2014,60+ yrs,138,359,1374,3291,4527167,0.031512605,1.73E-17,0.011904762,0.019607843,0.17071273
10/4/2015,60+ yrs,138,397,1573,3733,4665551,0.052476668,0.003546099,0.003663004,0.045267565,0.008754433
12/11/2016,60+ yrs,138,371,1416,3443,4806961,0.017886757,0.007936508,0.009950249,5.64E-18,0.084585284
11/4/2018,60+ yrs,138,395,1518,3723,5098435,0.051584956,0.009371043,0.006866805,0.035347109,0.017645246
11/18/2018,60+ yrs,138,361,1470,3716,5098435,0.031674524,0.002898551,0.006914615,0.021861358,0.012048193
1/3/2010,60+ yrs,139,376,1309,3109,4024870,0.094567856,0.019868277,0.021860095,0.041728372,0.073970546
1/16/2011,60+ yrs,139,356,1308,3262,4140047,0.011774813,0.008338387,8.10E-18,0.003436426,0.068863958
11/20/2011,60+ yrs,139,354,1320,3135,4140047,0.042268057,0.00330033,0.003933137,0.03503459,0.038617249
12/4/2011,60+ yrs,139,364,1333,3165,4140047,0.044951032,0.00330033,0.004065041,0.037585661,0.017645765
10/7/2012,60+ yrs,139,391,1375,3304,4264528,0.062669213,8.67E-18,0.015123071,0.047546142,0.073529052
11/11/2012,60+ yrs,139,395,1440,3424,4264528,0.023841974,8.67E-18,0.004694836,0.019147139,0.099368879
12/29/2013,60+ yrs,139,366,1413,3528,4391538,0.022988506,1.73E-17,-5.78E-19,0.022988506,0.074986316
3/2/2014,60+ yrs,139,352,1320,3383,4527167,0.019753086,1.73E-17,0.00617284,0.013580247,0.325925926
10/12/2014,60+ yrs,139,401,1459,3545,4527167,0.030919662,1.91E-17,0.011627907,0.015503876,0.007751938
11/23/2014,60+ yrs,139,345,1374,3355,4527167,0.015371763,1.91E-17,0.015371763,7.95E-18,0.005555556
12/7/2014,60+ yrs,139,385,1357,3344,4527167,0.00952381,1.91E-17,0.00952381,7.95E-18,0.02265745
11/26/2017,60+ yrs,139,380,1435,3564,4950886,0.056091937,0.010373587,0.006235431,0.039482919,0.013199614
12/6/2009,60+ yrs,140,359,1383,3265,3923521,1.73E-18,1.50E-17,4.63E-18,5.78E-19,0.033468435
3/14/2010,60+ yrs,140,345,1278,3126,4024870,0.060215054,0.006451613,0.015053763,0.038709677,0.376749633
3/4/2012,60+ yrs,140,351,1270,3034,4264528,0.032167909,0.013250311,0.006305866,0.012611732,0.24080583
3/18/2012,60+ yrs,140,350,1216,2951,4264528,0.008830022,0.002207506,0.002207506,0.004415011,0.235240136
1/11/2015,60+ yrs,140,363,1406,3373,4665551,0.053384419,0.011494253,0.022988506,0.01890166,0.051260335
4/16/2017,60+ yrs,140,360,1462,3618,4950886,0.012023048,0.001792115,0.006011524,0.004219409,0.279492042
12/9/2012,60+ yrs,141,384,1368,3253,4264528,0.037544673,0.005747126,0.022128852,0.009668695,0.078296146
12/8/2013,60+ yrs,141,382,1411,3471,4391538,0.015795207,1.73E-17,-5.78E-19,0.015795207,0.025054466
4/19/2015,60+ yrs,141,380,1462,3524,4665551,0.081930013,0.042686492,0.012042278,0.027201243,0.295566215
4/26/2015,60+ yrs,141,392,1513,3521,4665551,0.132724048,0.089298202,0.022791056,0.02063479,0.254349098
10/21/2018,60+ yrs,141,405,1550,3776,5098435,0.048086733,0.00925027,0.005555556,0.033280908,0.021157336
10/28/2012,60+ yrs,142,378,1384,3239,4264528,0.025921486,8.67E-18,0.004694836,0.021226651,0.092022242
1/13/2013,60+ yrs,142,359,1340,3209,4391538,0.032877619,0.016526161,0.009259259,0.007092199,0.075765348
10/19/2014,60+ yrs,142,382,1493,3494,4527167,0.014716841,1.91E-17,-1.39E-17,0.010928962,-2.78E-17
11/9/2014,60+ yrs,142,374,1347,3340,4527167,0.005952381,1.91E-17,-1.39E-17,0.005952381,0.005555556
4/3/2016,60+ yrs,142,345,1444,3511,4806961,0.011892546,1.42E-17,-6.94E-18,0.011892546,0.229957639
11/19/2017,60+ yrs,142,369,1522,3716,4950886,0.054190737,0.003205128,0.006235431,0.044750177,0.012513935
12/31/2017,60+ yrs,142,421,1573,3655,4950886,0.061878375,0.023621768,0.004901961,0.033354646,0.038256607
3/15/2009,60+ yrs,143,351,1259,3122,3923521,0.014107544,0,0.014107544,0,0.579214761
2/5/2012,60+ yrs,143,351,1349,3103,4264528,0.019653452,0.003236246,0.009944714,0.006472492,0.085322276
4/7/2013,60+ yrs,143,402,1424,3362,4391538,0.025592559,0.017341734,0.008250825,3.76E-18,0.230328101
12/22/2013,60+ yrs,143,374,1399,3240,4391538,9.25E-18,1.73E-17,-5.78E-19,6.79E-18,0.082010582
3/16/2014,60+ yrs,143,339,1302,3281,4527167,0.014084507,1.73E-17,-5.78E-19,0.014084507,0.345746021
2/21/2010,60+ yrs,144,342,1233,3028,4024870,0.01122758,1.50E-17,4.63E-18,0.01122758,0.20024197
12/2/2012,60+ yrs,144,355,1375,3323,4264528,0.040670303,0.002436647,0.027002146,0.01123151,0.098864809
10/9/2016,60+ yrs,144,413,1583,3711,4806961,0.066002467,0.028247838,0.026130937,0.011623693,0.042008408
4/30/2017,60+ yrs,144,383,1455,3604,4950886,0.010825232,1.65E-17,0.010825232,5.64E-18,0.233998974
3/28/2010,60+ yrs,145,360,1263,3014,4024870,0.058641975,0.00308642,0.015432099,0.040123457,0.319585611
11/16/2014,60+ yrs,145,376,1404,3373,4527167,0.005847953,1.91E-17,0.005847953,7.95E-18,0.005555556
4/23/2017,60+ yrs,145,385,1455,3476,4950886,0.010163177,0.001792115,0.008371062,5.64E-18,0.274384336
2/8/2015,60+ yrs,146,372,1466,3643,4665551,0.018067633,1.91E-17,0.018067633,7.95E-18,0.128164251
8/12/2018,60+ yrs,146,456,1752,4222,5098435,0.206853612,0.017793318,0.010668483,0.178391812,0.029909874
2/22/2009,60+ yrs,147,356,1284,3051,3923521,0.047775943,0,0.047775943,0,0.457785703
3/6/2011,60+ yrs,147,377,1356,3171,4140047,0.021586272,0.002314815,0.002331002,0.016940454,0.147188272
10/30/2011,60+ yrs,147,338,1370,3214,4140047,0.110439905,0.006026365,0.018337657,0.086075883,0.029557197
4/22/2012,60+ yrs,147,374,1381,3237,4264528,0.027369327,8.67E-18,0.002506266,0.024863061,0.188568572
2/1/2015,60+ yrs,147,375,1444,3524,4665551,0.019279754,1.91E-17,0.009178744,0.01010101,0.108366271
3/12/2017,60+ yrs,147,347,1371,3516,4950886,0.007642358,0.002136752,0.003174603,0.002331002,0.241819292
5/28/2017,60+ yrs,147,424,1572,3890,4950886,0.111008354,0.013332765,0.092644176,0.005031413,0.182856354
11/12/2017,60+ yrs,147,407,1499,3720,4950886,0.052325935,0.003205128,0.003205128,0.045915679,0.024168947
9/16/2018,60+ yrs,147,480,1664,3927,5098435,0.284895704,0.010853851,0.029003695,0.245038158,0.012257661
2/28/2010,60+ yrs,148,379,1288,3140,4024870,0.071442634,0.006451613,0.015053763,0.049937257,0.245293539
11/28/2010,60+ yrs,148,375,1302,3152,4024870,0.09382716,0.024691358,0.027777778,0.041358025,0.019012346
4/21/2013,60+ yrs,148,387,1432,3421,4391538,0.076845955,0.053018705,0.011543632,0.012283619,0.184479386
12/21/2014,60+ yrs,148,380,1468,3527,4527167,1.16E-17,1.91E-17,-1.39E-17,7.95E-18,0.010752688
4/24/2016,60+ yrs,148,369,1394,3385,4806961,0.039174305,1.42E-17,-6.94E-18,0.039174305,0.233269447
4/9/2017,60+ yrs,148,387,1360,3361,4950886,0.017112106,0.001792115,0.008556053,0.006763939,0.276224635
8/19/2018,60+ yrs,148,456,1725,4012,5098435,0.253631159,0.015506416,0.016073888,0.222050856,0.030464274
11/21/2010,60+ yrs,149,382,1403,3321,4024870,0.048830409,0.005847953,8.10E-18,0.042982456,0.015438596
12/19/2010,60+ yrs,149,395,1393,3336,4024870,0.051564425,0.018231091,8.10E-18,0.033333333,0.036462183
4/10/2011,60+ yrs,149,372,1291,3133,4140047,0.02859414,0.025022712,8.10E-18,0.003571429,0.253688142
1/29/2012,60+ yrs,149,370,1373,3292,4264528,0.01318096,8.67E-18,0.009944714,0.003236246,0.063151576
9/23/2012,60+ yrs,149,410,1408,3276,4264528,0.135347995,8.67E-18,0.027109293,0.108238702,0.07300163
10/23/2016,60+ yrs,149,377,1533,3657,4806961,0.037565139,0.015809928,0.018752208,0.003003003,0.06934508
12/13/2009,60+ yrs,150,389,1384,3232,3923521,0.011111111,1.50E-17,4.63E-18,5.78E-19,0.07791288
2/19/2012,60+ yrs,150,331,1276,3129,4264528,0.013416936,0.01018069,8.10E-18,0.003236246,0.152473692
11/13/2016,60+ yrs,150,380,1428,3397,4806961,0.006546015,0.003401361,-8.67E-18,0.003144654,0.067797685
12/25/2016,60+ yrs,150,369,1390,3358,4806961,0.046296296,0.007936508,0.033068783,0.005291005,0.066798942
10/22/2017,60+ yrs,150,400,1546,3715,4950886,0.054727021,0.002347418,0.007563711,0.044815893,0.024993636
4/12/2009,60+ yrs,151,364,1321,3168,3923521,0.03030303,0,0.03030303,0,0.398653199
10/18/2009,60+ yrs,151,378,1356,3194,3923521,0.017364906,0.010928962,4.63E-18,0.006435944,0.006435944
2/7/2010,60+ yrs,151,370,1460,3466,4024870,0.096100629,0.016666667,0.021477987,0.057955975,0.098682454
11/14/2010,60+ yrs,151,409,1410,3232,4024870,0.096978558,0.017422027,0.013888889,0.065667641,0.020068226
12/25/2011,60+ yrs,151,356,1311,3116,4140047,0.004975124,8.67E-18,8.67E-18,0.004975124,0.066820443
12/16/2012,60+ yrs,151,359,1372,3327,4264528,0.023258959,0.005747126,0.007843137,0.009668695,0.128296146
1/12/2014,60+ yrs,151,392,1423,3465,4527167,0.054501111,1.73E-17,0.011904762,0.042596349,0.108132908
4/13/2014,60+ yrs,151,400,1427,3534,4527167,0.026893939,0.011742424,-5.78E-19,0.015151515,0.157761941
9/23/2018,60+ yrs,151,460,1609,3796,5098435,0.250498606,0.013940612,0.02387549,0.212682504,0.005420054
9/30/2018,60+ yrs,151,450,1616,3765,5098435,0.185674005,0.010216217,0.013843111,0.161614677,0.008423057
3/27/2011,60+ yrs,152,353,1250,3039,4140047,0.022038616,0.018467188,8.10E-18,0.003571429,0.22290334
4/6/2014,60+ yrs,152,396,1452,3458,4527167,0.04059257,0.011742424,0.00456621,0.024283935,0.201489207
5/4/2014,60+ yrs,152,395,1548,3534,4527167,0.068890596,0.015432099,0.050372078,0.00308642,0.094982579
11/20/2016,60+ yrs,152,390,1449,3528,4806961,0.006516625,0.003401361,0.003115265,5.64E-18,0.070648446
4/15/2012,60+ yrs,153,371,1383,3223,4264528,0.022985334,8.67E-18,0.005110432,0.017874902,0.184746629
12/23/2012,60+ yrs,153,373,1407,3367,4264528,0.040906018,0.015551048,1.16E-18,0.02535497,0.08908046
3/31/2013,60+ yrs,153,378,1372,3276,4391538,0.01589363,0.01589363,1.16E-18,3.76E-18,0.256259266
7/28/2013,60+ yrs,153,451,1619,3750,4391538,0.157611984,0.055365898,0.077516119,0.024729966,0.027070424
10/27/2013,60+ yrs,153,393,1409,3393,4391538,0.172364672,0.008547009,0.009259259,0.154558405,0.007407407
5/10/2015,60+ yrs,153,443,1631,3767,4665551,0.286913232,0.172402377,0.10546681,0.009044044,0.162317642
5/21/2017,60+ yrs,153,424,1551,3731,4950886,0.059764925,0.009473509,0.048449795,0.001841621,0.177805849
3/29/2009,60+ yrs,154,359,1306,3172,3923521,0.012162723,0,0.012162723,0,0.481260089
3/20/2011,60+ yrs,154,358,1307,3170,4140047,0.017012161,0.010067717,8.10E-18,0.006944444,0.214040907
4/8/2012,60+ yrs,154,411,1442,3408,4264528,0.030142402,8.67E-18,0.002604167,0.027538235,0.179579071
12/5/2010,60+ yrs,155,358,1351,3205,4024870,0.103928171,0.034792368,0.027777778,0.041358025,0.032547699
1/23/2011,60+ yrs,155,372,1362,3187,4140047,0.004901961,0.004901961,8.10E-18,4.05E-18,0.0921662
4/14/2013,60+ yrs,155,362,1348,3288,4391538,0.039837574,0.025888743,0.008250825,0.005698006,0.204530966
8/16/2015,60+ yrs,155,432,1637,3736,4665551,0.109687537,0.010122007,0.013830532,0.085734998,0.038769381
10/7/2018,60+ yrs,155,436,1641,3805,5098435,0.129237691,0.007573941,0.008558559,0.113105192,0.011336336
11/1/2009,60+ yrs,156,420,1496,3433,3923521,1.73E-18,1.50E-17,4.63E-18,5.78E-19,0.005509642
1/31/2010,60+ yrs,156,365,1313,3222,4024870,0.096100629,0.016666667,0.021477987,0.057955975,0.057204752
10/24/2010,60+ yrs,156,387,1415,3265,4024870,0.033397206,0.008264463,0.002666667,0.022466077,0.005421488
2/13/2011,60+ yrs,156,351,1300,3091,4140047,0.036685824,0.018678161,0.006321839,0.011685824,0.108908046
1/1/2012,60+ yrs,156,397,1474,3438,4264528,0.014707484,8.67E-18,0.00973236,0.004975124,0.082051587
10/13/2013,60+ yrs,156,388,1374,3335,4391538,0.167654137,0.003426613,0.012408782,0.151818741,0.022529251
9/18/2016,60+ yrs,156,439,1610,3848,4806961,0.20271394,0.12054242,0.063523119,0.018648402,0.040385097
9/28/2014,60+ yrs,157,401,1557,3607,4527167,0.078413834,0.003205128,0.021243292,0.053965414,0.014162194
4/17/2016,60+ yrs,157,389,1443,3465,4806961,0.020497974,1.42E-17,-6.94E-18,0.020497974,0.216878681
9/25/2016,60+ yrs,157,427,1524,3669,4806961,0.141306288,0.080115715,0.049903216,0.011287356,0.033024051
11/27/2016,60+ yrs,157,411,1536,3740,4806961,0.013065514,1.65E-17,0.013065514,5.64E-18,0.076689669
7/29/2018,60+ yrs,157,439,1745,4125,5098435,0.142944785,0.027241266,0.014600941,0.101102578,0.025429376
3/1/2009,60+ yrs,158,374,1384,3279,3923521,0.043361396,0,0.043361396,0,0.554905736
4/25/2010,60+ yrs,158,385,1459,3509,4024870,0.056776557,0.012419872,0.014194139,0.030162546,0.271617272
2/6/2011,60+ yrs,158,400,1464,3451,4140047,0.028065134,0.015804598,0.006321839,0.005938697,0.122345375
2/15/2009,60+ yrs,159,392,1439,3417,3923521,0.036786932,0,0.036786932,0,0.433609878
10/25/2009,60+ yrs,159,402,1363,3151,3923521,0.003703704,1.50E-17,4.63E-18,0.003703704,0.003703704
9/8/2013,60+ yrs,159,474,1615,3782,4391538,0.238897016,0.02063942,0.104108364,0.114149231,0.023330735
9/20/2015,60+ yrs,159,399,1597,3732,4665551,0.046690634,1.42E-17,0.004166667,0.042523968,0.015274705
10/16/2016,60+ yrs,159,409,1513,3695,4806961,0.044591604,0.023683943,0.017904658,0.003003003,0.052995562
12/4/2016,60+ yrs,159,394,1430,3524,4806961,0.013065514,1.65E-17,0.013065514,5.64E-18,0.0839919
10/29/2017,60+ yrs,159,434,1630,3964,4950886,0.049917277,1.73E-17,0.005216293,0.044700984,0.029606394
12/12/2010,60+ yrs,160,381,1369,3244,4024870,0.095391585,0.042922449,0.027777778,0.024691358,0.048807862
3/13/2011,60+ yrs,160,357,1303,3169,4140047,0.021361046,0.005092593,0.002331002,0.013937451,0.193809894
3/23/2014,60+ yrs,160,393,1403,3331,4527167,0.027783137,1.73E-17,0.00456621,0.023216927,0.290038258
3/30/2014,60+ yrs,160,394,1378,3341,4527167,0.017865297,0.004166667,0.00456621,0.00913242,0.262280042
12/20/2015,60+ yrs,160,374,1493,3695,4665551,0.036786787,0.009009009,-6.94E-18,0.027777778,0.029411765
5/15/2016,60+ yrs,160,480,1657,3933,4806961,0.145999979,0.009470719,0.007937633,0.128591627,0.259533657
4/22/2018,60+ yrs,160,423,1509,3669,5098435,0.08729748,0.083007607,0.00273224,0.001557632,0.340275416
1/8/2012,60+ yrs,161,366,1396,3328,4264528,0.014707484,8.67E-18,0.00973236,0.004975124,0.088785594
4/27/2014,60+ yrs,161,392,1489,3639,4527167,0.038026398,1.73E-17,0.038026398,6.79E-18,0.104189527
12/6/2015,60+ yrs,161,417,1618,3875,4665551,0.017447828,0.009009009,-6.94E-18,0.008438819,0.013743219
10/2/2016,60+ yrs,161,423,1678,3877,4806961,0.092981446,0.051575165,0.030118925,0.011287356,0.042993393
11/5/2017,60+ yrs,161,404,1548,3620,4950886,0.053055558,1.73E-17,0.002710027,0.050345531,0.019973617
5/6/2018,60+ yrs,161,467,1657,4013,5098435,0.11845668,0.112146708,0.006309972,6.51E-18,0.344135715
9/2/2018,60+ yrs,161,468,1732,4088,5098435,0.303122057,0.015004353,0.014478384,0.27363932,0.019620804
9/9/2018,60+ yrs,161,467,1748,4012,5098435,0.317496208,0.013323343,0.02210836,0.282064505,0.008809993
3/21/2010,60+ yrs,162,364,1252,3006,4024870,-5.78E-19,1.50E-17,4.63E-18,-1.73E-18,0.390195337
4/1/2012,60+ yrs,162,358,1327,3191,4264528,0.022390464,8.67E-18,0.002604167,0.019786297,0.209200298
3/22/2009,60+ yrs,163,382,1340,3247,3923521,0.012162723,0,0.012162723,0,0.537152345
8/30/2015,60+ yrs,163,424,1577,3605,4665551,0.055918048,0.00245098,0.00772682,0.045740248,0.022861046
12/20/2009,60+ yrs,164,392,1430,3248,3923521,0.085435435,0.015302067,0.021860095,0.037162162,0.078304576
4/17/2011,60+ yrs,164,380,1420,3266,4140047,0.023832236,0.023832236,8.10E-18,4.05E-18,0.273529412
12/11/2011,60+ yrs,164,394,1360,3230,4140047,0.025149051,8.67E-18,0.004065041,0.021084011,0.011111111
11/3/2013,60+ yrs,164,438,1546,3657,4391538,0.127920228,0.008547009,0.003703704,0.115669516,0.012962963
9/21/2014,60+ yrs,164,416,1495,3463,4527167,0.091686092,0.003205128,0.027292152,0.061188811,0.008935509
10/1/2017,60+ yrs,164,470,1667,3969,4950886,0.14075177,0.008431933,0.007655521,0.124664316,0.013503474
5/13/2018,60+ yrs,164,444,1699,4075,5098435,0.168236184,0.164658452,0.003577732,6.51E-18,0.300324
4/4/2010,60+ yrs,165,424,1392,3251,4024870,0.061591828,0.006036272,0.015432099,0.040123457,0.329257724
2/27/2011,60+ yrs,165,379,1374,3287,4140047,0.020947702,0.002873563,0.002331002,0.015743136,0.124359409
9/13/2015,60+ yrs,165,423,1574,3700,4665551,0.055606595,1.42E-17,0.006991525,0.048615069,0.015716089
11/8/2015,60+ yrs,165,414,1590,3905,4665551,0.011368931,0.006802721,-6.94E-18,0.00456621,0.006802721
5/1/2016,60+ yrs,165,419,1584,3741,4806961,0.071267935,0.007462687,-6.94E-18,0.063805249,0.253985539
4/11/2010,60+ yrs,166,395,1324,3133,4024870,0.061591828,0.006036272,0.015432099,0.040123457,0.297043692
4/18/2010,60+ yrs,166,391,1435,3320,4024870,0.002949853,0.002949853,4.63E-18,-1.73E-18,0.349512827
1/9/2011,60+ yrs,166,396,1367,3107,4140047,0.022084091,0.008338387,0.010309278,0.003436426,0.049070144
11/6/2011,60+ yrs,166,423,1497,3420,4140047,0.084069535,0.006026365,0.011603651,0.066439519,0.034525858
4/29/2012,60+ yrs,166,398,1486,3361,4264528,0.024693531,8.67E-18,0.004198313,0.020495218,0.197802691
9/22/2013,60+ yrs,166,451,1521,3482,4391538,0.239626991,0.013894937,0.104184433,0.121547621,0.021961429
5/18/2014,60+ yrs,166,419,1619,3730,4527167,0.085682903,0.022330799,0.053366983,0.00998512,0.040521279
5/27/2018,60+ yrs,166,475,1734,4133,5098435,0.287508473,0.285950841,-1.45E-18,0.001557632,0.190853907
8/5/2018,60+ yrs,166,499,1765,4133,5098435,0.165543071,0.017016317,0.00794898,0.140577774,0.028485372
10/5/2014,60+ yrs,167,445,1607,3753,4527167,0.059765816,0.003205128,0.018038163,0.034734645,0.010957066
5/17/2015,60+ yrs,167,472,1657,3821,4665551,0.345156192,0.177978346,0.148095341,0.019082506,0.164172665
4/10/2016,60+ yrs,167,393,1531,3652,4806961,0.014624787,1.42E-17,-6.94E-18,0.014624787,0.211365076
4/5/2009,60+ yrs,168,387,1299,3176,3923521,0.033333333,0,0.033333333,0,0.428956229
2/8/2009,60+ yrs,169,394,1351,3282,3923521,0.036786932,0,0.036786932,0,0.433609878
5/13/2012,60+ yrs,169,399,1398,3308,4264528,0.044639783,0.001889645,0.012961974,0.029788164,0.148076577
9/29/2013,60+ yrs,169,427,1498,3569,4391538,0.219323155,0.006705839,0.079190525,0.13342679,0.021054455
11/2/2014,60+ yrs,169,405,1430,3373,4527167,0.016881343,1.91E-17,-1.39E-17,0.016881343,-2.78E-17
10/15/2017,60+ yrs,169,430,1596,3830,4950886,0.087960512,0.008195371,0.004853684,0.074911457,0.025421535
9/30/2012,60+ yrs,170,455,1602,3615,4264528,0.075949834,8.67E-18,0.019369355,0.056580479,0.062927983
5/22/2016,60+ yrs,170,410,1582,3746,4806961,0.176684706,0.002008032,0.015644762,0.159031911,0.282928245
10/17/2010,60+ yrs,172,440,1473,3319,4024870,0.053143948,0.012449424,0.002666667,0.038027857,0.002666667
10/31/2010,60+ yrs,172,444,1481,3406,4024870,0.084878688,0.019838537,0.013888889,0.051151262,0.007384451
9/6/2015,60+ yrs,172,466,1662,3714,4665551,0.052057212,1.42E-17,0.002824859,0.049232353,0.01895683
5/20/2018,60+ yrs,172,468,1740,4038,5098435,0.2182009,0.214907157,0.001736111,0.001557632,0.243491932
8/26/2018,60+ yrs,172,518,1677,4071,5098435,0.29656935,0.023395962,0.014400684,0.258772705,0.021200706
10/11/2009,60+ yrs,173,427,1505,3381,3923521,0.028859159,0.018591797,4.63E-18,0.010267362,0.014098779
9/12/2010,60+ yrs,173,441,1494,3421,4024870,0.258086684,0.046907319,0.056932808,0.154246557,0.009389671
5/8/2016,60+ yrs,173,456,1672,3952,4806961,0.111863433,0.007462687,0.003921569,0.100479177,0.267565786
5/14/2017,60+ yrs,173,450,1713,4164,4950886,0.02883533,0.007798468,0.019195242,0.001841621,0.185114153
11/8/2009,60+ yrs,174,460,1567,3445,3923521,0.012578616,1.50E-17,4.63E-18,5.78E-19,0.008654296
11/29/2009,60+ yrs,174,429,1447,3268,3923521,0.003745318,1.50E-17,4.63E-18,5.78E-19,0.018360202
9/19/2010,60+ yrs,174,421,1435,3301,4024870,0.179678541,0.057481042,0.022056886,0.100140613,-2.26E-17
5/19/2013,60+ yrs,174,438,1502,3461,4391538,0.283031782,0.263337877,0.01082768,0.008866226,0.076263242
7/21/2013,60+ yrs,174,439,1643,3776,4391538,0.114289243,0.059510185,0.044179659,0.010599399,0.031605127
9/24/2017,60+ yrs,174,463,1597,3699,4950886,0.157460207,0.002583979,0.023528537,0.131347691,0.016473863
11/22/2009,60+ yrs,175,397,1478,3402,3923521,0.016323935,1.50E-17,4.63E-18,5.78E-19,0.010635291
2/20/2011,60+ yrs,175,386,1246,3034,4140047,0.01440147,0.002873563,8.10E-18,0.011527907,0.124068034
5/12/2013,60+ yrs,175,421,1595,3624,4391538,0.25278925,0.238039931,0.00711924,0.007630079,0.103203004
9/14/2014,60+ yrs,175,408,1568,3701,4527167,0.11128955,0.001937984,0.032509803,0.076841763,0.005730381
5/3/2015,60+ yrs,175,466,1709,3901,4665551,0.204726283,0.142304697,0.045854817,0.016566769,0.233834397
7/22/2018,60+ yrs,175,478,1843,4166,5098435,0.148280891,0.045400897,0.016951117,0.085928876,0.021929723
5/3/2009,60+ yrs,176,450,1553,3556,3923521,0.109339775,0,0.103784219,0.005555556,0.160708535
1/2/2011,60+ yrs,176,426,1477,3336,4140047,0.050515464,0.003436426,0.010309278,0.036769759,0.034364261
3/8/2009,60+ yrs,177,406,1339,3205,3923521,0.015964135,0,0.015964135,0,0.563207936
10/16/2011,60+ yrs,177,416,1482,3293,4140047,0.129098252,8.67E-18,0.037421078,0.091677173,0.032200477
11/27/2011,60+ yrs,177,385,1347,3287,4140047,0.047861553,0.00330033,0.007998177,0.036563045,0.027950583
7/15/2012,60+ yrs,177,520,1821,4067,4264528,0.280543268,8.67E-18,0.201763894,0.078779374,0.062910095
4/20/2014,60+ yrs,177,429,1547,3524,4527167,0.038231149,0.007575758,0.015503876,0.015151515,0.125688298
8/24/2014,60+ yrs,177,472,1712,3810,4527167,0.170782864,0.007401297,0.075880882,0.087500686,0.007173195
10/3/2010,60+ yrs,178,432,1506,3424,4024870,0.128213183,0.062077989,0.014652015,0.05148318,0.009157509
5/27/2012,60+ yrs,178,474,1519,3415,4264528,0.077578672,0.001889645,0.036847007,0.038842021,0.112965379
5/25/2014,60+ yrs,178,426,1583,3634,4527167,0.120808553,0.012108425,0.100064852,0.008635275,0.027674253
6/4/2017,60+ yrs,178,486,1736,4030,4950886,0.163346864,0.015802108,0.141278672,0.006266085,0.166915912
9/13/2009,60+ yrs,179,458,1520,3434,3923521,0.127031726,0.109205422,0.006048387,0.011777916,0.013039179
10/23/2011,60+ yrs,180,421,1461,3460,4140047,0.104457852,8.67E-18,0.022370005,0.082087847,0.03742249
11/13/2011,60+ yrs,180,430,1467,3360,4140047,0.067663817,0.006026365,0.012972685,0.048664767,0.033890505
6/3/2012,60+ yrs,180,448,1573,3633,4264528,0.101285458,8.67E-18,0.064202635,0.037082823,0.093145513
4/28/2013,60+ yrs,180,424,1505,3561,4391538,0.135174237,0.119597812,0.003292806,0.012283619,0.165059077
5/26/2013,60+ yrs,180,465,1599,3552,4391538,0.33826173,0.313579892,0.013809769,0.010872069,0.062563449
5/16/2010,60+ yrs,182,437,1537,3466,4024870,0.015235836,0.005899705,0.002949853,0.006386279,0.171518505
5/17/2009,60+ yrs,183,437,1588,3636,3923521,0.183434343,0,0.177878788,0.005555556,0.094343434
8/25/2013,60+ yrs,183,473,1624,3718,4391538,0.23467105,0.02298921,0.118631453,0.093050387,0.022553988
10/6/2013,60+ yrs,183,455,1472,3549,4391538,0.163292766,0.006705839,0.029807809,0.126779117,0.025644515
6/1/2014,60+ yrs,183,480,1664,3856,4527167,0.160934375,0.016450348,0.13703169,0.007452337,0.025308375
8/31/2014,60+ yrs,183,514,1773,3998,4527167,0.159403417,0.005920478,0.060158361,0.093324577,0.005463793
5/2/2010,60+ yrs,184,436,1585,3684,4024870,0.068575967,0.018319577,0.017143992,0.033112398,0.236755378
9/26/2010,60+ yrs,184,436,1458,3341,4024870,0.155757534,0.06270046,0.024455936,0.068601138,0.009157509
7/29/2012,60+ yrs,184,518,1747,3905,4264528,0.33623065,8.67E-18,0.235606103,0.100624547,0.048662841
5/5/2013,60+ yrs,184,436,1543,3595,4391538,0.192067434,0.180156494,0.005325327,0.006585613,0.136117377
10/10/2010,60+ yrs,185,443,1561,3496,4024870,0.107278604,0.03809045,0.017318681,0.051869473,0.011824176
8/28/2011,60+ yrs,185,493,1668,3597,4140047,0.164001589,0.007097933,0.085250914,0.071652743,0.061642071
7/8/2012,60+ yrs,185,540,1814,3978,4264528,0.243118467,0.001594388,0.171341917,0.070182163,0.078760163
8/10/2014,60+ yrs,185,502,1683,3928,4527167,0.287683643,0.027316213,0.170490335,0.089877094,0.004929002
9/11/2016,60+ yrs,185,483,1628,3762,4806961,0.269112362,0.156297844,0.084998464,0.027816055,0.038191803
6/25/2017,60+ yrs,185,529,1883,4360,4950886,0.345005725,0.031307933,0.300048826,0.013648966,0.110194365
5/8/2011,60+ yrs,186,439,1572,3615,4140047,0.196996577,0.177000513,0.016289289,0.003706775,0.143462417
11/15/2009,60+ yrs,187,420,1481,3397,3923521,0.016323935,1.50E-17,4.63E-18,5.78E-19,0.016144933
7/19/2015,60+ yrs,187,514,1819,4076,4665551,0.08436203,0.013062331,0.015338753,0.055960946,0.058271522
4/19/2009,60+ yrs,188,444,1405,3266,3923521,0.05445762,0,0.05445762,0,0.374176548
8/26/2012,60+ yrs,188,494,1606,3674,4264528,0.363623652,8.67E-18,0.118228884,0.245394768,0.05724116
5/24/2015,60+ yrs,188,500,1694,3835,4665551,0.394161922,0.19071494,0.174342125,0.029104857,0.126272429
8/23/2015,60+ yrs,188,437,1608,3685,4665551,0.07935244,0.007145816,0.004901961,0.067304663,0.031295836
10/8/2017,60+ yrs,188,479,1698,3964,4950886,0.110198944,0.008195371,0.00483498,0.097168592,0.015377769
10/4/2009,60+ yrs,189,526,1592,3534,3923521,0.042104608,0.024241515,4.63E-18,0.017863093,0.010395076
9/11/2011,60+ yrs,189,489,1577,3547,4140047,0.208946664,0.0022577,0.093548024,0.113140939,0.048019093
5/29/2016,60+ yrs,189,482,1786,4085,4806961,0.19671202,0.005324782,0.023331817,0.168055421,0.249263236
8/14/2016,60+ yrs,189,527,1888,4250,4806961,0.326006512,0.128725041,0.135338589,0.061942883,0.029500671
8/21/2016,60+ yrs,189,569,1802,4084,4806961,0.345415795,0.146868501,0.153435166,0.045112128,0.021882293
9/4/2016,60+ yrs,189,523,1777,4093,4806961,0.343622166,0.186549945,0.114441352,0.04263087,0.039047701
9/9/2012,60+ yrs,190,469,1580,3611,4264528,0.269660079,8.67E-18,0.057304472,0.212355607,0.08275915
4/26/2009,60+ yrs,191,454,1535,3475,3923521,0.070450886,0,0.070450886,0,0.290001464
6/24/2012,60+ yrs,191,512,1768,3913,4264528,0.235931919,0.003166715,0.165701208,0.067063996,0.104965842
7/12/2015,60+ yrs,192,530,1830,4097,4665551,0.097864565,0.028130676,0.030407099,0.03932679,0.072488403
7/10/2016,60+ yrs,192,536,1970,4402,4806961,0.270895655,0.028666125,0.119066347,0.123163184,0.087250682
9/27/2009,60+ yrs,193,454,1505,3429,3923521,0.052636954,0.028433521,0.006048387,0.018155046,0.013039179
5/23/2010,60+ yrs,193,472,1575,3481,4024870,0.003436426,1.50E-17,4.63E-18,0.003436426,0.169893076
8/6/2017,60+ yrs,193,529,1791,4127,4950886,0.308529116,0.018400367,0.240590815,0.049537934,0.051396642
6/8/2014,60+ yrs,194,487,1880,4263,4527167,0.212678581,0.017354686,0.188435651,0.006888245,0.025084529
8/9/2015,60+ yrs,194,497,1804,4060,4665551,0.098164746,0.01200003,0.008928571,0.077236144,0.03978797
6/11/2017,60+ yrs,194,493,1738,4129,4950886,0.22166692,0.024812315,0.186581551,0.010273053,0.132434562
6/10/2018,60+ yrs,194,536,1952,4499,5098435,0.35929242,0.351513853,0.001322751,0.006455816,0.111389309
11/7/2010,60+ yrs,195,430,1462,3296,4024870,0.10524302,0.02568649,0.013888889,0.065667641,0.01615638
9/2/2012,60+ yrs,195,513,1710,3731,4264528,0.309553381,8.67E-18,0.074543878,0.235009502,0.07061983
7/14/2013,60+ yrs,195,496,1662,3774,4391538,0.131162802,0.091588085,0.029245952,0.010328765,0.038490217
9/17/2017,60+ yrs,195,499,1641,3853,4950886,0.186994854,0.0044256,0.03761556,0.144953694,0.019511163
7/1/2018,60+ yrs,195,563,2060,4748,5098435,0.239615652,0.206571229,0.003747886,0.029296536,0.070889985
10/9/2011,60+ yrs,196,479,1615,3661,4140047,0.14761677,8.67E-18,0.052909294,0.094707476,0.045020989
8/11/2013,60+ yrs,196,559,1864,4154,4391538,0.199477206,0.040447765,0.108376604,0.050652838,0.030186371
6/18/2017,60+ yrs,196,547,1738,4094,4950886,0.293939827,0.025412325,0.257156996,0.011370506,0.109341899
9/10/2017,60+ yrs,196,546,1786,4041,4950886,0.224496554,0.006156844,0.061215758,0.157123952,0.023115134
9/6/2009,60+ yrs,197,503,1710,3687,3923521,0.222688365,0.210068507,4.63E-18,0.012619858,0.015153472
6/2/2013,60+ yrs,197,484,1609,3692,4391538,0.36163142,0.339840659,0.01854877,0.00324199,0.066034452
8/28/2016,60+ yrs,197,505,1731,3906,4806961,0.351118565,0.178101235,0.132107946,0.040909384,0.026631028
8/14/2011,60+ yrs,198,526,1830,4066,4140047,0.124400871,0.008888889,0.064008715,0.051503268,0.072476398
9/1/2013,60+ yrs,198,525,1725,3883,4391538,0.243674086,0.023912598,0.108719564,0.111041924,0.019517745
5/24/2009,60+ yrs,199,458,1622,3636,3923521,0.24599473,0,0.24599473,0,0.096275801
5/9/2010,60+ yrs,199,444,1525,3516,4024870,0.068575967,0.018319577,0.017143992,0.033112398,0.175823479
9/4/2011,60+ yrs,199,490,1613,3677,4140047,0.180456858,0.004381883,0.085707051,0.090367923,0.058056751
7/22/2012,60+ yrs,199,522,1731,3809,4264528,0.298734325,8.67E-18,0.221930865,0.07680346,0.064358266
6/30/2013,60+ yrs,199,508,1793,4059,4391538,0.242393137,0.182175963,0.046501592,0.013715582,0.048742579
1/3/2016,60+ yrs,199,507,1993,4643,4806961,0.027777778,1.42E-17,-6.94E-18,0.027777778,0.006802721
5/1/2011,60+ yrs,200,467,1506,3533,4140047,0.132128398,0.116595854,0.013313609,0.002218935,0.193724696
8/21/2011,60+ yrs,200,457,1682,3742,4140047,0.144517066,0.004840232,0.0686565,0.071020334,0.073275236
8/4/2013,60+ yrs,200,488,1662,3813,4391538,0.179548722,0.047439058,0.095148305,0.03696136,0.031930659
4/24/2011,60+ yrs,201,449,1559,3529,4140047,0.077020039,0.061487494,0.013313609,0.002218935,0.256435395
8/17/2014,60+ yrs,201,535,1827,3957,4527167,0.230769231,0.016787105,0.128878984,0.085103142,0.006811707
7/30/2017,60+ yrs,201,542,1886,4259,4950886,0.31730512,0.023740988,0.239072579,0.054491553,0.062250546
9/25/2011,60+ yrs,202,467,1562,3655,4140047,0.252790225,8.67E-18,0.083107008,0.169683218,0.039959081
6/3/2018,60+ yrs,202,525,1934,4544,5098435,0.34522428,0.341179085,-1.45E-18,0.004045195,0.138833309
9/15/2013,60+ yrs,203,496,1659,3685,4391538,0.252651262,0.018341821,0.112134287,0.122175154,0.022612642
9/5/2010,60+ yrs,204,493,1555,3402,4024870,0.288001214,0.062325452,0.061373901,0.164301861,0.013663176
9/16/2012,60+ yrs,204,511,1687,3648,4264528,0.204864923,8.67E-18,0.040658069,0.164206854,0.064470919
7/15/2018,60+ yrs,204,565,2003,4587,5098435,0.170082618,0.097917008,0.018368001,0.053797609,0.038109621
9/20/2009,60+ yrs,205,503,1554,3438,3923521,0.071794042,0.047043263,0.006048387,0.018702392,0.013039179
5/31/2015,60+ yrs,205,570,1924,4365,4665551,0.433844462,0.229944991,0.171525443,0.032374028,0.110399413
5/10/2009,60+ yrs,206,463,1532,3540,3923521,0.123063973,0,0.117508418,0.005555556,0.104713805
7/26/2015,60+ yrs,206,522,1811,4130,4665551,0.064828718,0.006551227,0.006666667,0.051610824,0.044703789
5/22/2011,60+ yrs,207,487,1619,3569,4140047,0.30009649,0.285054179,0.012320548,0.002721764,0.088105877
10/2/2011,60+ yrs,207,499,1577,3538,4140047,0.226165555,8.67E-18,0.075887747,0.150277808,0.034669144
7/1/2012,60+ yrs,207,562,1870,4081,4264528,0.236744927,0.003166715,0.167376262,0.06620195,0.09277072
8/18/2013,60+ yrs,207,520,1781,3844,4391538,0.205749608,0.035988813,0.104469687,0.065291108,0.028028519
9/7/2014,60+ yrs,207,479,1690,3764,4527167,0.139978397,0.004160799,0.042641564,0.093176033,0.004570242
6/5/2016,60+ yrs,208,539,1867,4286,4806961,0.221812422,0.005453502,0.038546522,0.177812398,0.210312562
7/3/2016,60+ yrs,209,586,2078,4669,4806961,0.269004307,0.020738559,0.08470015,0.163565598,0.127961614
8/7/2016,60+ yrs,210,575,1940,4358,4806961,0.341667322,0.101859749,0.168315416,0.071492157,0.041087123
8/13/2017,60+ yrs,210,571,1776,4243,4950886,0.322680238,0.012068938,0.228463985,0.082147315,0.036450938
6/23/2013,60+ yrs,211,536,1709,3800,4391538,0.301570512,0.250742348,0.036136037,0.014692127,0.059387578
7/20/2014,60+ yrs,211,571,1849,4195,4527167,0.33544302,0.050034595,0.235285276,0.050123149,0.00652192
7/9/2017,60+ yrs,211,606,1939,4450,4950886,0.306608197,0.021394598,0.262849043,0.022364556,0.125558246
7/7/2013,60+ yrs,213,505,1601,3778,4391538,0.168905221,0.117625721,0.039654062,0.011625438,0.045920839
6/12/2016,60+ yrs,213,543,1935,4441,4806961,0.243170511,0.009493906,0.047001009,0.186675596,0.168238644
7/24/2016,60+ yrs,213,565,2034,4459,4806961,0.328467849,0.050941475,0.192017264,0.08550911,0.055252079
7/31/2016,60+ yrs,213,535,1962,4491,4806961,0.341452932,0.087727592,0.164739674,0.088985665,0.055697791
6/17/2012,60+ yrs,214,511,1779,3918,4264528,0.219129445,0.001572327,0.14422133,0.073335789,0.092035305
6/22/2014,60+ yrs,214,570,1922,4310,4527167,0.319697049,0.01320041,0.296480205,0.010016433,0.009266443
7/19/2009,60+ yrs,215,540,1862,4118,3923521,0.124893119,0.023504274,0.091758027,0.009630819,0.039849979
7/25/2010,60+ yrs,215,526,1735,3715,4024870,0.184060602,0.014194055,0.081934257,0.087932291,0.026588744
6/10/2012,60+ yrs,215,563,1763,3978,4264528,0.181709498,8.67E-18,0.110398349,0.071311148,0.09382302
7/13/2014,60+ yrs,217,592,2059,4561,4527167,0.303559421,0.036249328,0.236148798,0.031161294,0.004598893
8/2/2015,60+ yrs,217,510,1961,4361,4665551,0.088003321,0.007305195,0.008928571,0.071769555,0.046251408
6/19/2016,60+ yrs,217,518,1823,4173,4806961,0.269249639,0.00998668,0.062059052,0.197203907,0.159046509
7/8/2018,60+ yrs,217,596,1964,4435,5098435,0.196789574,0.143753217,0.006098062,0.046938295,0.039879911
7/26/2009,60+ yrs,218,530,1811,3990,3923521,0.119640538,0.037731916,0.072423528,0.009485095,0.028933746
6/26/2016,60+ yrs,218,531,1980,4489,4806961,0.262003262,0.01328471,0.066379007,0.182339545,0.140047995
8/1/2010,60+ yrs,219,519,1717,3766,4024870,0.238852544,0.027127118,0.070166228,0.141559197,0.021860612
5/15/2011,60+ yrs,219,499,1575,3552,4140047,0.225678965,0.215045825,0.007911376,0.002721764,0.106420181
9/3/2017,60+ yrs,220,552,1839,4255,4950886,0.252449919,0.00763177,0.082215899,0.162602249,0.020196497
9/18/2011,60+ yrs,221,473,1605,3548,4140047,0.268010925,8.67E-18,0.091217466,0.176793459,0.035139193
6/9/2013,60+ yrs,221,502,1722,3909,4391538,0.379007936,0.354151081,0.017129096,0.007727759,0.06916469
6/15/2014,60+ yrs,221,560,1926,4253,4527167,0.260634312,0.015546321,0.23653496,0.008553031,0.014940878
7/16/2017,60+ yrs,222,616,2023,4475,4950886,0.296922758,0.018562995,0.238308485,0.040051279,0.113047373
8/3/2014,60+ yrs,223,544,1836,4037,4527167,0.361544422,0.048035853,0.22855286,0.084955709,0.006784662
8/27/2017,60+ yrs,224,524,1770,4212,4950886,0.286545717,0.008905415,0.126388977,0.151251326,0.024017429
6/6/2010,60+ yrs,225,509,1758,3922,4024870,0.091338442,0.018416206,0.020109309,0.052812927,0.124908313
8/19/2012,60+ yrs,225,608,2008,4395,4264528,0.39227574,0.001137656,0.161044957,0.230093127,0.046996233
7/27/2014,60+ yrs,225,539,1838,4042,4527167,0.34810773,0.047454987,0.236261379,0.064391364,0.006651548
7/2/2017,60+ yrs,225,618,1952,4456,4950886,0.338519594,0.025524644,0.299676482,0.013318468,0.115664236
7/17/2016,60+ yrs,226,561,1913,4258,4806961,0.303289961,0.042955208,0.150742447,0.109592306,0.076499031
6/17/2018,60+ yrs,226,565,1914,4544,5098435,0.339989979,0.324001231,0.001322751,0.014665997,0.099363609
5/30/2010,60+ yrs,227,504,1734,3905,4024870,0.067893148,0.018416206,0.014732965,0.034743977,0.141813312
7/11/2010,60+ yrs,227,545,1871,3968,4024870,0.180875881,0.01803728,0.055205914,0.107632687,0.022122353
7/24/2011,60+ yrs,227,516,1849,4034,4140047,0.133050535,0.0767876,0.025030999,0.031231935,0.068901289
5/31/2009,60+ yrs,228,550,1899,4033,3923521,0.319227053,0,0.319227053,0,0.070662526
7/23/2017,60+ yrs,229,565,1844,4327,4950886,0.301680836,0.023107728,0.232751606,0.045821502,0.099348675
8/7/2011,60+ yrs,230,541,1879,4012,4140047,0.122490785,0.04111344,0.042867322,0.038510023,0.086638988
8/20/2017,60+ yrs,230,605,1969,4464,4950886,0.300723604,0.00846616,0.179016169,0.113241275,0.032041365
8/29/2010,60+ yrs,232,513,1655,3706,4024870,0.251337631,0.045449944,0.059759234,0.146128453,0.020755374
7/31/2011,60+ yrs,234,560,1913,4040,4140047,0.114464183,0.050710082,0.033076631,0.03067747,0.069783123
6/24/2018,60+ yrs,234,579,1967,4382,5098435,0.280288486,0.253196717,0.001322751,0.025769018,0.079463111
8/12/2012,60+ yrs,235,619,2013,4405,4264528,0.395168978,0.001137656,0.202078684,0.191952637,0.046409199
8/22/2010,60+ yrs,236,522,1701,3715,4024870,0.218433655,0.034990649,0.030792355,0.15265065,0.019912711
6/13/2010,60+ yrs,237,530,1803,4095,4024870,0.117585162,0.018416206,0.030607997,0.068560958,0.104607279
8/8/2010,60+ yrs,237,560,1807,3941,4024870,0.259021974,0.023204411,0.060028404,0.175789159,0.023785104
7/5/2015,60+ yrs,238,566,1889,4267,4665551,0.165142716,0.063939774,0.064008889,0.037194053,0.103897799
7/4/2010,60+ yrs,239,530,1812,4026,4024870,0.238646314,0.016062252,0.061366831,0.161217231,0.043284188
8/9/2009,60+ yrs,240,556,1709,3735,3923521,0.138854145,0.098415676,0.010298103,0.030140366,0.047868459
6/27/2010,60+ yrs,240,525,1826,4080,4024870,0.215597259,0.016062252,0.055433594,0.144101413,0.070362669
7/18/2010,60+ yrs,240,558,1831,3925,4024870,0.151451615,0.012196378,0.056414962,0.082840275,0.018392902
6/7/2009,60+ yrs,242,560,1847,4207,3923521,0.337560386,0,0.337560386,0,0.055900621
8/23/2009,60+ yrs,242,591,1871,3978,3923521,0.347770415,0.313772978,0.003158677,0.03083876,0.033131662
6/19/2011,60+ yrs,243,569,1847,3946,4140047,0.384582248,0.315498612,0.04846465,0.020618986,0.062036837
8/5/2012,60+ yrs,243,653,1974,4371,4264528,0.359259084,0.001137656,0.21627809,0.141843337,0.05233897
5/29/2011,60+ yrs,245,531,1832,4077,4140047,0.38411291,0.363727883,0.014625148,0.005759879,0.066746535
6/16/2013,60+ yrs,245,588,1818,3997,4391538,0.359865884,0.321845744,0.025990806,0.012029333,0.062596134
7/17/2011,60+ yrs,248,545,1882,4045,4140047,0.1573063,0.099347,0.035462516,0.022496785,0.060788081
6/14/2009,60+ yrs,249,589,1837,4093,3923521,0.361794171,0,0.361794171,0,0.059068436
8/30/2009,60+ yrs,249,585,1766,3818,3923521,0.337336169,0.319619043,0.003158677,0.014558449,0.021735651
6/5/2011,60+ yrs,249,599,2064,4481,4140047,0.451734316,0.41537568,0.021767577,0.014591059,0.056067973
8/16/2009,60+ yrs,253,581,1826,3846,3923521,0.255698006,0.220011148,0.008714233,0.026972625,0.058048433
6/12/2011,60+ yrs,253,587,1888,4057,4140047,0.435919949,0.372892406,0.038873999,0.024153545,0.061122286
6/28/2015,60+ yrs,253,623,2028,4428,4665551,0.255518013,0.113705726,0.115942863,0.025869425,0.124962101
8/15/2010,60+ yrs,256,543,1756,3892,4024870,0.230308702,0.024752833,0.028715482,0.176840386,0.015639207
7/10/2011,60+ yrs,259,624,1991,4267,4140047,0.218071239,0.157923168,0.040906271,0.0192418,0.073004926
8/2/2009,60+ yrs,261,599,1924,4056,3923521,0.103241609,0.059954138,0.033802376,0.009485095,0.049292961
6/7/2015,60+ yrs,261,638,2141,4625,4665551,0.435313479,0.242863524,0.162535561,0.029914394,0.087901879
6/20/2010,60+ yrs,262,606,1941,4259,4024870,0.153452064,0.003344121,0.045972119,0.104135824,0.108397799
7/6/2014,60+ yrs,262,657,2170,4689,4527167,0.329404461,0.032083764,0.273615909,0.023704788,0.004740553
6/14/2015,60+ yrs,262,678,2072,4632,4665551,0.416180116,0.228717487,0.167825069,0.01963756,0.095675265
6/29/2014,60+ yrs,263,625,1968,4294,4527167,0.339271277,0.02061673,0.304929954,0.013724593,0.005034764
7/5/2009,60+ yrs,266,606,1979,4252,3923521,0.14267411,0,0.133043291,0.009630819,0.065244986
7/3/2011,60+ yrs,268,621,1912,4196,4140047,0.275691397,0.21688119,0.051477154,0.007333052,0.06737722
6/26/2011,60+ yrs,272,621,2033,4338,4140047,0.322540169,0.251818551,0.05382608,0.016895538,0.069380388
6/21/2009,60+ yrs,274,607,1870,4026,3923521,0.301315972,0,0.301315972,0,0.060324213
7/12/2009,60+ yrs,281,572,1878,4029,3923521,0.136217905,0,0.126587087,0.009630819,0.056196133
6/28/2009,60+ yrs,284,635,2063,4474,3923521,0.234649305,0,0.234649305,0,0.077586117
6/21/2015,60+ yrs,315,721,2060,4590,4665551,0.342823346,0.169643298,0.148211795,0.024968253,0.119783074
